,Island,Geographic.space,Island.age,Island.area
1,Galapagos,0.908308233,0.697313498,0.302490718
2,Canaries,0.992756932,0.294636538,0.257506952
3,Azores,0.99,0.595902509,0.236941258
