"","Island","Geographic.space","Island.age","Island.area"
"1","Galapagos",0.923454124363692,0.615588378624247,0.18463531649745
"2","Canaries",0.98490402668352,0.194238665282443,0.118338932706626
"3","Azores",0.977934726637161,0.694436828828135,0.0886338790369854
