"","Island","Flora","Currents","Geographic.space","Island.age","Island.area"
"1","Galapagos","Littoral",0.550663020783714,0.623954569011201,0.582968360543683,0.380727328819383
"2","Galapagos","Non-littoral",0.493139487686567,0.537124971923486,0.328948249022531,0.440115254896652
"3","Canaries","Littoral",0.865433333870605,0.880794151029575,0.280491125999538,0.174417203233865
"4","Canaries","Non-littoral",0.819398613011308,0.787918290875661,0.226149182072219,0.127550816531744
"5","Azores","Littoral",0.146304868374514,0.159407141571829,0.20419189686455,0.109687127475481
"6","Azores","Non-littoral",0.381855503551463,0.427631380074793,0.203114645862738,0.256524451995711
