"","(Intercept)","Closeness_scaled"
"Azores",0.122020165423577,-0.316613148204922
"Canaries",0.293080251729546,0.646213450114861
"Galapagos",-0.40784285678605,-0.343474590085115
