"","Estimate","Std. Error","z value","Pr(>|z|)"
"(Intercept)",-1.54641136973231,0.363559035311641,-4.25353579345575,0.0000210421285318156
"archipelagoCanaries",1.06448465102516,0.654220543805628,1.62710367490603,0.103715080679843
"archipelagoGalapagos",-0.589792021771273,0.560290449534023,-1.05265406944164,0.292499566548233
"closeness",-0.000141725154786961,0.000876256651617434,-0.16173931978189,0.871511139471647
"archipelagoCanaries:closeness",-0.00309742635129934,0.00158126431287392,-1.95882897380378,0.050132819213641
"archipelagoGalapagos:closeness",-0.00083990639569275,0.00549069180802611,-0.152969138509104,0.878422612724564
