"","(Intercept)","betweenness"
"Azores",0.210475488935625,0.00233949999654041
"Canaries",0.0488018865188266,0.000572396019765058
"Galapagos",-0.246686611581221,-0.00277008441182128
