"","Chisq","Df","Pr(>Chisq)"
"archipelago",11.428589177864,2,0.00329847648299714
"closeness",1.54431727998548,1,0.213976328940908
"archipelago:closeness",3.83701486089186,2,0.146825946602565
