"","Chisq","Df","Pr(>Chisq)"
"betweenness",0.0713443551085967,1,0.789389364192071
