"","(Intercept)","centered_log_in_degree"
"Azores",0.204226685599726,0.0213244479176872
"Canaries",0.0764064991958577,0.125983654134085
"Galapagos",-0.263216852910634,-0.140527549968654
