"","Estimate","Std. Error","z value","Pr(>|z|)"
"(Intercept)",-1.75836218705991,0.220019966707162,-7.9918300751323,0.0000000000000013295020682976
"Closeness_scaled",0.312561390705253,0.32694505035445,0.956005880396099,0.339069263596783
