"","Chisq","Df","Pr(>Chisq)"
"archipelago",26.1649647157939,2,0.000002081373890761
"Closeness_scaled",4.27119458232519,1,0.0387636700099849
"archipelago:Closeness_scaled",16.4059476607143,2,0.000273838010117435
