"","Estimate","Std. Error","z value","Pr(>|z|)"
"(Intercept)",-1.8507146257008,0.136028350861279,-13.6053595738152,0.00000000000000000000000000000000000000000372133680267238
"centered_log_in_degree",-0.0106224725432076,0.107643885684318,-0.0986816155481383,0.921391066274989
