"","Estimate","Std. Error","z value","Pr(>|z|)"
"(Intercept)",-1.85734628439046,0.148564321506082,-12.5019672661745,0.00000000000000000000000000000000000728264761074375
"betweenness",-0.0017111175860135,0.00640619341140472,-0.267103641136913,0.789389364192071
