"","(Intercept)","centered_log_in_degree"
"Azores",0.130136149425432,-0.0254134645934364
"Canaries",-0.110881007930848,0.0215209926044302
"Galapagos",-0.021536246833912,0.00433516570846489
