"","(Intercept)","centered_log_in_degree"
"Azores",0.204227427181494,0.0213229430533928
"Canaries",0.0764057290580323,0.12598379393815
"Galapagos",-0.263216425130173,-0.140525973574134
