"","(Intercept)","closeness"
"Azores",0.122019793149121,-0.316613487482365
"Canaries",0.293080142587423,0.646213463773441
"Galapagos",-0.407842872332358,-0.343474870490438
