"","(Intercept)","betweenness"
"Azores",0.234845767805169,0.0260590757718536
"Canaries",0.0561750530909693,0.00630110026857387
"Galapagos",-0.275118554403384,-0.0305903290296365
