"","(Intercept)","closeness"
"Azores",0.225963353021653,-0.256563059503476
"Canaries",-0.186345665083698,0.212072904684131
"Galapagos",-0.0411761733693404,0.0462317479992449
